{"epochs": [1, 2, 3, 4, 5, 6, 7, 8, 9, 10, 11, 12, 13, 14, 15, 16, 17, 18, 19, 20, 21, 22, 23, 24, 25, 26, 27, 28, 29, 30, 31, 32, 33, 34, 35, 36, 37, 38, 39, 40, 41, 42, 43, 44, 45, 46, 47, 48, 49, 50, 51, 52, 53, 54, 55, 56, 57, 58, 59, 60, 61, 62, 63, 64, 65, 66, 67, 68, 69, 70, 71, 72, 73, 74, 75, 76, 77, 78, 79, 80, 81, 82, 83, 84, 85, 86, 87, 88, 89, 90, 91, 92, 93, 94, 95, 96, 97, 98, 99, 100, 101, 102, 103, 104, 105, 106, 107, 108, 109, 110, 111, 112, 113, 114, 115, 116, 117, 118, 119, 120, 121, 122, 123, 124, 125, 126, 127, 128, 129, 130, 131, 132, 133, 134, 135, 136, 137, 138, 139, 140, 141, 142, 143, 144, 145, 146, 147, 148, 149, 150, 151, 152, 153, 154, 155, 156, 157, 158, 159, 160, 161, 162, 163, 164, 165, 166, 167, 168, 169, 170, 171, 172, 173, 174, 175, 176, 177, 178, 179, 180, 181, 182, 183, 184, 185, 186, 187, 188, 189, 190, 191, 192, 193, 194, 195, 196, 197, 198, 199, 200], "d_loss": [1.2642926263809204, 0.8440679395198822, 0.5463036674261094, 0.3661279636621475, 0.28219951122999193, 0.24210543364286422, 0.18529018193483351, 0.15884972259402275, 0.12565775349736213, 0.0991024611890316, 0.0991812102496624, 0.08194232597947121, 0.06433568932116032, 0.056812026053667065, 0.049811656102538106, 0.04371303163468838, 0.03993467338383198, 0.03448071327060461, 0.03091849960386753, 0.028568043000996114, 0.026243470944464206, 0.02363203704357147, 0.021143843494355677, 0.019211865924298764, 0.018007471300661562, 0.3346670491248369, 0.04177080683410168, 0.02791677214205265, 0.02449497938156128, 0.02083624228835106, 0.0187886306270957, 0.01700020272284746, 0.015421462878584861, 0.014352248534560203, 0.01336224040016532, 0.014136867690831422, 0.015561289303004742, 0.013468399848788977, 0.012344583515077829, 0.01124793265014887, 0.010324326567351818, 0.009620404820889234, 0.009192076502367854, 0.00853024898096919, 0.008139128740876913, 0.007486735992133617, 0.007267098408192396, 0.006786791970953345, 0.0064902776293456555, 0.006159703684970736, 0.006073437072336674, 0.005734278103336692, 0.005689017390832305, 0.005576041303575039, 0.0054664414469152685, 0.005213419832289219, 0.0051386422757059335, 0.00495797362178564, 0.004964793520048261, 0.004660425940528512, 0.004515886534936726, 0.0044415814289823176, 0.004577828319743276, 0.00459349449723959, 0.004573692828416825, 0.00429355388507247, 0.00405913052149117, 0.00386246909853071, 0.0036685616383329033, 0.0035390173783525825, 0.0036309481039643286, 0.7350661143055186, 0.027886194474995137, 0.017457705307751894, 0.01356405060738325, 0.010912760086357593, 0.010201883409172297, 0.00955782074481249, 0.00806259600445628, 0.0073861921299248935, 0.0073858250491321085, 0.007084045726805925, 0.006348743354901671, 0.005556523036211729, 0.005188464615494013, 0.004845588309690356, 0.004448807728476822, 0.0041227602120488885, 0.003871401376090944, 0.003749647419899702, 0.0035597103787586093, 0.003417078857310116, 0.0035179919842630624, 0.003789418679662049, 0.0041444336762651805, 0.004106627791188657, 0.004528869786299765, 0.005256746201775968, 0.0034673599107190966, 0.003129038861952722, 0.0028858445771038532, 0.0026436669938266276, 0.002590949647128582, 0.0025227990839630367, 0.0024646027013659477, 0.0023556624678894877, 0.0023342001717537642, 0.0022139238263480365, 0.0021675187535583973, 0.0020601421082392336, 0.0020627775089815258, 0.0019710302469320594, 0.0019172476092353464, 0.00189883669372648, 0.0018756930134259165, 0.0017821936961263417, 0.0017491214512847363, 0.0016734827170148492, 0.0016835822747088968, 0.0016607953910715877, 0.001596475662663579, 0.0015594833786599339, 0.0015157541609369218, 0.0014885167381726205, 0.0014574985788203777, 0.0014222767273895443, 0.0014022492850199342, 0.0013533914391882717, 0.0013227248797193169, 0.0013140663830563425, 0.00127482129028067, 0.0012346083181910216, 0.0012073004059493541, 0.0011897096433676779, 0.0011788935807999223, 0.0011317557038273663, 0.001130118410801515, 0.0010940610431134702, 0.0010664110083598644, 0.0010337984957732261, 0.0010070343152619899, 0.0009741206525359303, 0.0009497677977196872, 0.0009167597396299243, 0.0009045715397223831, 0.0008919900981709361, 0.0008449902839493006, 0.0008182320173364132, 0.0008039948297664523, 0.0007760021043941379, 0.0007648555445484817, 0.0007300450222101063, 0.0007241281750611961, 0.0007033262285403907, 0.0006924164155498147, 0.0006655159313231707, 0.0006571882334537805, 0.0006441976956557483, 0.0006181863008532673, 0.0006265919213183224, 0.0006013853847980499, 0.0005733626737492159, 0.0005662419734289869, 0.0005493921710876748, 0.000552735510864295, 0.0005263356980867684, 0.0005115476943319664, 0.0004972442786674947, 0.0004882750706747174, 0.0004863267252221703, 0.00046325227711349723, 0.000442508261767216, 0.00043111070757731793, 0.0004231167584657669, 0.00041533534007612613, 0.00040240866888780147, 0.00040364729647990316, 0.0003865560953272507, 0.00037960477871820333, 0.0003778559633065015, 0.00037088438984937965, 0.00035498592362273487, 0.00034352618153207006, 0.0003368546755518764, 0.0003319611627375707, 0.0003100759955123067, 0.00030500428518280385, 0.0002989069785689935, 0.0002895651303697377, 0.0002775931975338608, 0.000266664867522195, 0.00026223819935694337, 0.00025058914616238326, 0.0002529260818846524, 0.0002386035566451028, 0.00024345535231987014, 0.00023384502361295745, 0.0002227694177418016, 0.00022066390782129019, 0.0002073526056483388],