{"epochs": [1, 2, 3, 4, 5, 6, 7, 8, 9, 10, 11, 12, 13, 14, 15, 16, 17, 18, 19, 20, 21, 22, 23, 24, 25, 26, 27, 28, 29, 30, 31, 32, 33, 34, 35, 36, 37, 38, 39, 40, 41, 42, 43, 44, 45, 46, 47, 48, 49, 50, 51, 52, 53, 54, 55, 56, 57, 58, 59, 60, 61, 62, 63, 64, 65, 66, 67, 68, 69, 70, 71, 72, 73, 74, 75, 76, 77, 78, 79, 80, 81, 82, 83, 84, 85, 86, 87, 88, 89, 90, 91, 92, 93, 94, 95, 96, 97, 98, 99, 100, 101, 102, 103, 104, 105, 106, 107, 108, 109, 110, 111, 112, 113, 114, 115, 116, 117, 118, 119, 120, 121, 122, 123, 124, 125, 126, 127, 128, 129, 130, 131, 132, 133, 134, 135, 136, 137, 138, 139, 140, 141, 142, 143, 144, 145, 146, 147, 148, 149, 150, 151, 152, 153, 154, 155, 156, 157, 158, 159, 160, 161, 162, 163, 164, 165, 166, 167, 168, 169, 170, 171, 172, 173, 174, 175, 176, 177, 178, 179, 180, 181, 182, 183, 184, 185, 186, 187, 188, 189, 190, 191, 192, 193, 194, 195, 196, 197, 198, 199, 200], "d_loss": [1.0261910390853881, 0.5449323445558548, 0.20020525574684142, 0.12007001847028732, 0.04975331742316484, 0.031180464401841163, 0.0249596755951643, 0.01955885663628578, 0.013321982380002737, 0.010425698682665826, 0.008380285669118167, 0.00746547513641417, 0.006631968161091208, 2.830200978340581, 0.28385721281170845, 0.2640045216679573, 0.13742498345673085, 0.038820042982697485, 0.02684993788599968, 0.020595905147492887, 0.01715116810053587, 0.013826123308390378, 0.012556171603500843, 0.011587683595716953, 0.008871103106066584, 0.007826271886005997, 0.007162470566108823, 0.6907276097033173, 0.787465884834528, 1.4603618121147155, 0.6381391106545925, 0.4204990792274475, 0.22019361168146134, 0.056607340648770335, 0.0278590415045619, 0.020962056294083594, 0.01412994960322976, 0.011398528721183538, 0.009871122166514397, 0.00862442133948207, 0.00758552280254662, 0.0067925308365374805, 0.006200805334374309, 0.005400439612567425, 0.37692343628034, 1.0360861223936082, 0.30357654206454754, 0.03258499462157488, 0.02031388698145747, 0.016091541796922685, 0.012737443335354329, 0.011118194200098514, 0.009798767939209939, 0.007869373597204686, 0.0072450165543705225, 0.006500871982425451, 0.006301680924370885, 0.005408981433138251, 0.005993504142388702, 0.004352486794814468, 0.0043386502331122755, 0.0037526224413886667, 0.003526358678936958, 0.003151744515635073, 0.0027930021844804285, 0.002839645599015057, 0.002555904348846525, 0.00261156574357301, 0.002412886256352067, 0.002211689418181777, 0.0021799174742773175, 0.0019229260156862437, 0.001956833389122039, 0.00225725210737437, 0.001806913565378636, 0.0016095417947508395, 0.0015048722224310042, 0.0014272718806751072, 0.0013266466441564262, 0.001289453657809645, 0.0011948160256724804, 0.0011648279905784875, 0.001119078886695206, 0.0013562226749490947, 0.0011324232281185688, 0.001089400304481387, 0.00097437335527502, 0.0011506923183333129, 0.0008736875560134649, 0.0008186519343871624, 0.0007861388043966144, 0.0008277046179864556, 0.0007442801364231855, 0.0007334399048704654, 0.0007543530513066799, 0.0006642048549838364, 0.0006637135520577431, 0.0006318342813756317, 0.0006209622562164441, 0.0006004097417462617, 0.0005866537772817537, 0.000583270937204361, 0.0005398892087396235, 0.0005343174329027533, 0.0005146400653757155, 0.0004957061435561627, 0.0004867281834594905, 0.00046743225771933794, 0.0004515172995161265, 0.00044588449120055887, 0.0004575587814906612, 0.00042381229111924766, 0.00041759497602470217, 0.00040457230235915634, 0.000397286347579211, 0.0003877938102232292, 0.0003638549183961004, 0.00036208827514201404, 0.00033590036269742996, 0.0003308420395478606, 0.0003069086658069864, 0.0003010514282505028, 0.0002895797707606107, 0.0002865120492060669, 0.0002981651606387459, 0.000275552025414072, 0.00026500297622988, 0.0002518681809306145, 0.00029735210468061267, 0.0002947370181209408, 0.000262299373280257, 0.0002575400855857879, 0.00024364072538446635, 0.0002222124143736437, 0.00021148353873286395, 0.00021701640507671983, 0.00020627920981496572, 0.00020041127689182758, 0.00018002004857407882, 0.0001731498513254337, 0.0001661244544084184, 0.00016424828267190604, 0.00016563428682275116, 0.00015314095886424185, 0.00015249307994963601, 0.00014788473257794975, 0.0001418690937862266, 0.00013597923607449046, 0.00013808510135277175, 0.00012600299320183694, 0.0001278393913526088, 0.0001230545327416621, 0.00011695658846292644, 0.0001183815645345021, 0.00011999996757367626, 0.00011082853787229396, 0.00011071567321778275, 0.0001044854667270556, 0.00010200575547059997, 0.00010095760444528423, 9.719881549244747e-05, 8.913440935430117e-05, 8.841985589242541e-05, 8.599648819654249e-05, 8.172010915586724e-05, 8.162547834217549e-05, 7.549922476755455e-05, 7.115790860552807e-05, 7.23995707812719e-05, 6.864128874440212e-05, 6.69363362248987e-05, 6.862818736408371e-05, 6.201176329341251e-05, 6.149846041807904e-05, 5.8076750865438955e-05, 5.675271626387257e-05, 5.540923993976321e-05, 5.1772345686913466e-05, 5.048261627962347e-05, 5.108324497996364e-05, 4.906691188807599e-05, 4.8430509559693745e-05, 4.620954794518184e-05, 4.569472286675591e-05, 4.588873896864243e-05, 4.5484073780244216e-05, 4.284809620003216e-05, 4.117813434277196e-05, 4.104327977984212e-05, 3.929007820261177e-05, 3.8273269092314875e-05, 3.677738779515494e-05, 3.609053372201742e-05, 3.640526821982348e-05, 3.436624534515431e-05, 3.462409007624956e-05, 3.2573524113104216e-05, 3.2484406037838195e-05, 3.501414954371285e-05, 3.240047110011801e-05],