{"epochs": [1, 2, 3, 4, 5, 6, 7, 8, 9, 10, 11, 12, 13, 14, 15, 16, 17, 18, 19, 20, 21, 22, 23, 24, 25, 26, 27, 28, 29, 30, 31, 32, 33, 34, 35, 36, 37, 38, 39, 40, 41, 42, 43, 44, 45, 46, 47, 48, 49, 50, 51, 52, 53, 54, 55, 56, 57, 58, 59, 60, 61, 62, 63, 64, 65, 66, 67, 68, 69, 70, 71, 72, 73, 74, 75, 76, 77, 78, 79, 80, 81, 82, 83, 84, 85, 86, 87, 88, 89, 90, 91, 92, 93, 94, 95, 96, 97, 98, 99, 100, 101, 102, 103, 104, 105, 106, 107, 108, 109, 110, 111, 112, 113, 114, 115, 116, 117, 118, 119, 120, 121, 122, 123, 124, 125, 126, 127, 128, 129, 130, 131, 132, 133, 134, 135, 136, 137, 138, 139, 140, 141, 142, 143, 144, 145, 146, 147, 148, 149, 150, 151, 152, 153, 154, 155, 156, 157, 158, 159, 160, 161, 162, 163, 164, 165, 166, 167, 168, 169, 170, 171, 172, 173, 174, 175, 176, 177, 178, 179, 180, 181, 182, 183, 184, 185, 186, 187, 188, 189, 190, 191, 192, 193, 194, 195, 196, 197, 198, 199, 200], "d_loss": [1.4181849956512451, 1.0431303060971773, 0.8625525832176208, 0.794406955058758, 0.4284573724636665, 0.5019822006042187, 0.23943669750140265, 0.21500437076275164, 0.18548748584894034, 0.12490289543683712, 0.18410882353782654, 0.606005378640615, 0.1480740692753058, 0.09384578924912673, 0.07761125495800605, 0.06075242878152774, 0.07721677164618786, 0.05090506403492047, 0.046109384642197535, 0.039380590503032394, 0.036946851760149, 0.033276424098473326, 0.033670381571237855, 0.02685382030904293, 0.025636400597599838, 0.023179527658682603, 0.020938576414034918, 0.018126802089122627, 0.01718391291797161, 0.015990046927562125, 0.015036300899317631, 0.0144728569027323, 0.013225158175023703, 0.012218163062173586, 0.011471056236097446, 0.010526470051935086, 0.009942063560279516, 0.009726979125004549, 0.009467187194296947, 0.008574525252557717, 0.008138982865672845, 0.008022148806888323, 0.007998898697014038, 0.007165317101260791, 0.007037735472504909, 0.008043234093258014, 0.006181302301299114, 0.0060837653179008225, 0.006025425552462156, 0.005735171564783041, 0.005380823097836513, 0.005260721493798953, 0.004962431231083779, 0.004944643471390009, 0.005174997298476787, 0.004519658987052166, 0.004545949578571778, 0.00468588681318439, 0.004226292053667398, 0.004043475688936619, 0.004000872606411576, 0.00379998330026865, 0.003782067304620376, 0.0036912407690229323, 0.003475961167938434, 0.003302166757818598, 0.0034064263857614538, 0.0033546469281785763, 0.003047103098092171, 0.002942080322939616, 0.0029533453679715213, 7.000171434546176, 0.9951314009152926, 0.2762112800891583, 0.17729558337193269, 0.07504685280414727, 0.05197090770189579, 0.042927681253506586, 0.03462736881696261, 0.03352511301636696, 0.026316957404980294, 0.023966251084437735, 0.019533389462874487, 0.018242497498599384, 0.017789606004953384, 0.01906995210223473, 0.018430266959162857, 0.016854623189339273, 0.015684338859640636, 0.012377449311316013, 0.010992553156728927, 0.009627499832556797, 0.010506229116939582, 0.010023940497866044, 0.00830419289951141, 0.02077424408008273, 0.03751551818389159, 0.017024766080654584, 0.01354444413804091, 0.011274288050257243, 0.011210176878823684, 0.009133907572294656, 0.007587534626229451, 0.006800635896909695, 0.006534700102817554, 0.006025726333833658, 0.005957944282832054, 0.0054829588088278584, 0.005030078885073845, 0.00480362783687619, 0.004604393867059396, 0.004472251909856613, 0.005237934000503559, 0.00556831000945889, 0.004648309165182022, 0.0043946780944959475, 0.004659748851106717, 0.003719075941122495, 0.003614896836762245, 0.003339506918564439, 0.0033418947221854557, 0.0032779262042962587, 0.003503213761947476, 0.0032784517388790846, 0.003116658369365793, 0.0032126215967134787, 0.003017508191987872, 0.003012348521644106, 0.0028520856016817, 0.002884723461018159, 0.0027223014129469027, 0.0026559576105612973, 0.0024930805397721436, 0.002487910445779562, 0.002402642795529503, 0.002393542412811747, 0.0034915397946651164, 0.0024838833711468256, 0.002391175993789847, 0.0022747949876177767, 0.002108457999733778, 0.002068051074344951, 0.0019513934474581708, 0.0019795076491741035, 0.001838664712312703, 0.0017816087123579704, 0.001755479176958593, 0.0016829478554427624, 0.0016168675367505504, 0.001570384779300254, 0.0015549226216255473, 0.003016162027891439, 4.444951126781794, 0.2083810785642037, 0.08017945576172608, 0.05420124731384791, 0.036943997184817605, 0.024901643252143495, 0.025734645529435232, 0.017268572790691487, 0.015236208072075477, 0.011048470981992208, 0.009472746831866411, 0.008816317583505925, 0.008137459293580972, 0.008391811978071928, 0.010837009642273188, 0.012198441876814915, 0.006628886080132081, 0.006554826341855984, 0.005595894924436624, 0.0048904762101861145, 0.004910505555856686, 0.004430910411219184, 0.004405426774890377, 0.004251787206158042, 0.004034217447042465, 0.003882572681714709, 0.0034015266976964017, 0.0034552389182723486, 0.0033174253498705533, 0.0033876888203219725, 0.0030133100405621985, 0.002907177451281593, 0.0028031084041755935, 0.003001901482303555, 0.002792162337125494, 0.0030903089254234847, 0.002773081901698158, 0.002706595786059132, 0.0023394034494860815, 0.0025650915295745316, 0.0022482308738220195, 0.002097579543120586, 0.0020433178870007396, 0.0023847659602044867, 0.0022775655827270104, 0.002673691541601259, 0.002146912255109503, 0.0020316949723145137],