{"epochs": [1, 2, 3, 4, 5, 6, 7, 8, 9, 10, 11, 12, 13, 14, 15, 16, 17, 18, 19, 20, 21, 22, 23, 24, 25, 26, 27, 28, 29, 30, 31, 32, 33, 34, 35, 36, 37, 38, 39, 40, 41, 42, 43, 44, 45, 46, 47, 48, 49, 50, 51, 52, 53, 54, 55, 56, 57, 58, 59, 60, 61, 62, 63, 64, 65, 66, 67, 68, 69, 70, 71, 72, 73, 74, 75, 76, 77, 78, 79, 80, 81, 82, 83, 84, 85, 86, 87, 88, 89, 90, 91, 92, 93, 94, 95, 96, 97, 98, 99, 100, 101, 102, 103, 104, 105, 106, 107, 108, 109, 110, 111, 112, 113, 114, 115, 116, 117, 118, 119, 120, 121, 122, 123, 124, 125, 126, 127, 128, 129, 130, 131, 132, 133, 134, 135, 136, 137, 138, 139, 140, 141, 142, 143, 144, 145, 146, 147, 148, 149, 150, 151, 152, 153, 154, 155, 156, 157, 158, 159, 160, 161, 162, 163, 164, 165, 166, 167, 168, 169, 170, 171, 172, 173, 174, 175, 176, 177, 178, 179, 180, 181, 182, 183, 184, 185, 186, 187, 188, 189, 190, 191, 192, 193, 194, 195, 196, 197, 198, 199, 200], "d_loss": [1.2406000518798828, 0.7448417806625366, 0.6518650090694428, 0.3389151340723038, 0.23822038292884826, 0.12510422438383104, 0.07821345895528793, 0.27103620558977126, 0.06480249911546707, 0.043963104486465454, 0.03430595271289349, 0.02843263290822506, 0.030313939899206162, 0.025780997797846796, 0.0220742017775774, 1.5263677927851678, 0.1921229201555252, 0.08918332487344742, 0.052375334948301315, 0.03812508136034012, 0.042932218983769414, 0.03524112984538078, 0.030586861670017243, 0.028083556815981865, 0.023556572496891023, 0.017542834393680096, 0.016853627152740955, 0.024865204878151418, 0.01857661873102188, 0.014750629998743534, 0.012705012708902359, 0.010998870991170407, 0.010085545890033245, 0.010331748463213443, 0.008554574865847826, 0.00866783782839775, 0.007841266877949237, 0.007180944625288248, 0.006187326610088349, 0.0059883538447320465, 0.005311615224927664, 0.0051282946392893795, 0.004496305398643017, 0.0044356545899063345, 0.0042656486202031375, 0.004133758312091232, 0.0037365065421909095, 0.003528881026431918, 0.003408372467383742, 0.0032863270957022906, 0.0030896332021802665, 0.003448754670098424, 0.0031197891011834145, 0.0030516065564006566, 0.0027738134749233723, 0.002668714728206396, 0.002825315212830901, 0.0026452192012220623, 0.0025759211648255587, 0.002254275670275092, 0.002200810071080923, 0.0021496478049084543, 0.0020249467762187123, 0.0019292937312275172, 0.0018372355494648217, 0.0017911891266703605, 0.0016980062937363982, 0.0017145820520818233, 0.001642262083478272, 5.07084027281031, 0.17311965078115463, 0.1813172259926796, 0.2152828599512577, 0.0384842836111784, 0.02499770350754261, 0.020784296467900275, 0.016053121089935302, 0.010334004573523998, 0.008409180957823992, 0.007896260768175125, 0.006569387000054121, 0.006025682333856821, 0.0055723231844604015, 0.004939204957336188, 0.00465790405869484, 0.004374972963705659, 0.00388003027997911, 0.0039337177388370035, 0.0035691917035728694, 0.00344806625507772, 0.0030122144054621457, 0.0027673213463276624, 0.002856508633121848, 0.002753020729869604, 0.0026131701515987515, 0.0025363609194755552, 0.0022963314084336163, 0.0021450670156627893, 0.0020245812088251114, 0.0018615885963663458, 0.0017861785786226392, 0.0016246267827227713, 0.0015794206690043211, 0.006875579091720283, 0.0023493663128465415, 0.001808940377086401, 0.0016491370694711805, 0.0016102653229609133, 0.0014485255442559719, 0.0014322023512795567, 0.0013203679025173187, 0.0012645830865949392, 0.0012420704076066614, 0.0012240613717585801, 0.0011521003697998822, 0.0011092218942940235, 0.0010509484820067883, 0.0009800435625948011, 0.000927490284666419, 0.0008984417328611016, 0.0014718560990877449, 0.001158444588072598, 0.0009957425855100155, 0.0009166256082244217, 0.0008457012940198183, 0.0007944560027681291, 0.0007477646693587303, 0.0007125616888515651, 0.000637927339412272, 0.0005770768609363586, 0.000561626860871911, 0.0005355074640829116, 0.0005445608601439744, 0.0005267769156489521, 0.00046364000416360796, 0.00046090129297226667, 0.0004286369530018419, 0.0004296097229234874, 0.0004140685801394284, 0.00039390851743519305, 0.0003737161308526993, 0.00036714421119540927, 0.0003482661349698901, 0.00039539895253255965, 0.0003521963325329125, 0.0003388824360445142, 0.00032204727525822816, 0.00030283119063824417, 0.00031080859596841035, 0.0003063492639921606, 0.00028778754523955285, 0.0002787555567920208, 0.00027257016336079687, 0.0002619648806285113, 0.00025680441700387746, 0.0002502248861128464, 0.00024811221286654474, 0.00024215901270508767, 0.0002292755409143865, 0.00024775084340944887, 0.00021813717437908054, 0.0002057560160756111, 0.00020105204777792095, 0.00019121243502013386, 0.00019012768869288265, 0.00018860826443415135, 0.00018474168493412435, 0.00017548060161061584, 0.0001706429006299004, 0.0001647262560436502, 0.00016847319260705263, 0.00016126302594784647, 0.00018273073772434145, 0.00016006804769858719, 0.00015080906334333122, 0.00014935100974980742, 0.00014395559905096888, 0.00014001488860230894, 0.0001370592333842069, 0.00012973811535630376, 0.00013194991362979635, 0.00013236314960522578, 0.0001247407856862992, 0.00012593949504662304, 0.00012603192968526855, 0.00012270668754354118, 0.00011777333973441273, 0.000113045132602565, 0.00011500276159495115, 0.00011101743759354576, 0.0001068987205508165, 0.0001056974779930897, 0.0001018352183746174, 9.993919898988679e-05, 0.00010644596157362685, 0.00010568653320660814, 9.868035325780511e-05, 9.563939034705982e-05, 9.359879477415234e-05, 9.009178349515423e-05],