{"epochs": [1, 2, 3, 4, 5, 6, 7, 8, 9, 10, 11, 12, 13, 14, 15, 16, 17, 18, 19, 20, 21, 22, 23, 24, 25, 26, 27, 28, 29, 30, 31, 32, 33, 34, 35, 36, 37, 38, 39, 40, 41, 42, 43, 44, 45, 46, 47, 48, 49, 50, 51, 52, 53, 54, 55, 56, 57, 58, 59, 60, 61, 62, 63, 64, 65, 66, 67, 68, 69, 70, 71, 72, 73, 74, 75, 76, 77, 78, 79, 80, 81, 82, 83, 84, 85, 86, 87, 88, 89, 90, 91, 92, 93, 94, 95, 96, 97, 98, 99, 100, 101, 102, 103, 104, 105, 106, 107, 108, 109, 110, 111, 112, 113, 114, 115, 116, 117, 118, 119, 120, 121, 122, 123, 124, 125, 126, 127, 128, 129, 130, 152, 153, 154, 155, 156, 157, 158, 159, 160, 161, 162, 163, 164, 165, 166, 167, 168, 169, 170, 171, 172, 173, 174, 175, 176, 177, 178, 179, 180, 181, 182, 183, 184, 185, 186, 187, 188, 189, 190, 191, 192, 193, 194, 195, 196, 197, 198, 199, 200], "d_loss": [0.9126634424924851, 0.37695753425359724, 0.10997847735881805, 0.04565156631171703, 0.03481802862137556, 0.021268768571317195, 0.014892287850379944, 0.009488017987459898, 0.0074329474288970234, 1.0569026306364686, 0.4029675497114658, 0.054939971938729286, 0.031538815572857856, 0.284634348526597, 0.028677859231829642, 0.019713680930435656, 0.015254949238151311, 0.021896310690790413, 0.016308770142495634, 0.009448631685227155, 0.00668553777039051, 0.006295744637027383, 0.004516503689810634, 0.0038296103337779643, 0.003318835264071822, 0.003043296472169459, 0.0030475066043436526, 0.0026523964572697876, 0.0024362011812627316, 0.002325608329847455, 0.001966639296151698, 0.0018098377087153493, 0.001761175172869116, 0.001787926689721644, 0.0017848272318951785, 0.001559498447459191, 0.0015131945465691387, 0.0014948300365358591, 0.0014932979573495685, 0.001737725343555212, 0.0027045102603733538, 0.0018540752260014415, 0.0015831205411814154, 0.0014423472341150046, 0.0014971218374557793, 2.968924964973703, 0.16284342762082815, 0.03915981717407704, 0.020222932994365693, 0.01580819711089134, 0.007833887385204434, 0.0066787094809114935, 0.004805143666453659, 0.003911767094396054, 0.0032514525949954988, 0.0025530231813900173, 0.0019654177292250095, 0.0017660727608017623, 0.0015118286397773773, 0.0014729636372067035, 0.0012378830392844975, 0.0011394352978095412, 0.001002078327583149, 0.0009357009315863251, 0.0009837839286774396, 0.0008961672196164727, 0.0007796725060325116, 0.0007177433534525335, 0.0006029302475508302, 0.0005875837412895635, 0.0005427455209428445, 0.0005242988449754194, 0.0004931718268198893, 0.00046116458252072335, 0.00045379544317256657, 0.00041218840109650043, 0.0004387349332682788, 0.00040317599545232954, 0.00039825658721383663, 0.0003745087137212977, 0.00033782196056563406, 0.00032724044169299307, 0.0003889481580699794, 0.00030552789539797234, 0.0003107728392933495, 0.0002995086446753703, 0.00028926603292347866, 0.0002536035198136233, 0.0002583861135644838, 0.0002824666246306151, 0.00024329240608494729, 0.0002501872912398539, 0.0002213963374379091, 0.00021517185465199873, 0.00021482496318640188, 0.00020695212471764536, 0.00019611715368228033, 0.0002944681138615124, 0.0002659730994491838, 0.0002283216154319234, 0.0001929278124589473, 0.00019034075608942658, 0.00016686987975845114, 0.0001723763716290705, 0.00017115383059717714, 0.00016086837436887435, 0.0001605208165710792, 0.0001560746786708478, 0.0001455119188176468, 0.00014090822529396973, 0.00013343866827199237, 0.00013323377890628763, 0.0001970080078172032, 0.0001620003196876496, 0.00013974961300846188, 0.00012527496757684276, 0.00011917073366930708, 0.00010969126902637072, 0.0001103748164314311, 0.00010626893490552902, 0.00010325540104531683, 9.995264757890254e-05, 9.311228437582031e-05, 8.876384992618114e-05, 8.198090072255581e-05, 8.505550460540689e-05, 8.356977588846348e-05, 7.929851271910593e-05, 7.009723703959026e-05, 7.19567267515231e-05, 5.4955722662271e-05, 5.028396793932188e-05, 5.147374278749339e-05, 1.439734855912684, 0.016801020363345742, 0.009448535405099392, 0.011858859797939658, 0.007287076348438859, 0.004348009556997568, 0.00289538566255942, 0.006309503465890884, 0.00352180011337623, 0.00200944394338876, 0.001921530868858099, 0.0014672900887671859, 0.0011411958350799978, 0.0010608856566250325, 0.0012636201118584722, 0.000892080832272768, 0.0008929105976130813, 0.000689542944310233, 0.0006479433854110539, 0.0005871080164797604, 0.0070754232874605805, 0.0010791600355878471, 0.0019293408829253167, 0.0008861993876053021, 0.0007157529867254197, 0.0005754599202191457, 0.0005003213247982785, 0.00040850625198800115, 0.0004218907974427566, 0.000326503744290676, 0.00029598527064081284, 0.00027042174246162177, 0.00024140001158230007, 0.00022703764523612335, 0.00021978354605380445, 0.00021121769008459524, 0.00019677368982229382, 0.00019615787343354896, 0.00016363290051231162, 0.00015750390753964893, 0.00023256383938132785, 0.00019110693887341767, 0.00018913080741185694, 0.0001507133372069802, 0.0001402976209647022, 0.00017172215826576575],